Summary,Issue Type,Labels,Description
להסיר console.log שנשכח בקוד של overlay,Task,onboarding-friendly,"קובץ: apps/server/src/infrastructure/ffmpeg/overlays/overlay.service.ts

הבעיה:
בקובץ נשארה שורה של הדפסת דיבאג ל-console.log שמופעלת בתוך מסלול שרץ בכל פעם שמייצרים סרטון עם overlay. בכל שאר השרת אנחנו משתמשים בלוגר מסודר (Pino) ולא ב-console.log.

למה זה חשוב:
ההדפסה הזאת ממלאת את הלוגים של פרודקשן בזבל, ושוברת את האחידות של משטר הלוגים שלנו. כל קו חקירה שמסתמך על הלוגר המסודר נפגע.

מה לעשות:
לאתר את הדפסת הדיבאג שנשארה ולהסיר אותה. לוודא שלא נשארה אף הדפסה ל-console עבור buildOverlayFilters בקובץ הזה.

מה זה יפתור:
לוגים נקיים בפרודקשן, ועקביות מלאה עם משטר הלוגינג בשאר השרת.

בדיקה:
ידנית. אחרי ההסרה להריץ grep על הנתיב ולוודא שאין יותר הדפסה ל-console עבור הקריאה הזאת. הטסטים הקיימים חייבים להישאר ירוקים. אין צורך להוסיף טסט חדש.

לפני פתיחת PR להריץ:
pnpm lint
turbo run type-check
pnpm test
pnpm knip"
להאחיד את סכמות ה-URL בקובץ edit-video לסגנון אחיד,Task,onboarding-friendly,"קובץ: packages/contract/src/internal/edit-video/schemas.ts

הבעיה:
בקובץ הזה רוב הסכמות שמייצגות URL כתובות בצורה הקצרה והמודרנית של Zod, אבל שתי שורות נשארו בצורה הישנה והארוכה. זה drift קטן של סגנון בתוך אותו קובץ.

למה זה חשוב:
חוסר אחידות מקשה על קריאה ועריכה של הקובץ, ומשדר חוסר חתימה לסטנדרט אצל מי שמסתכל בקוד הזה בפעם הראשונה.

מה לעשות:
לאתר את שתי השורות שעדיין כתובות בצורה הישנה ולהאחיד אותן עם הסגנון הקצר שכבר משמש בשאר הקובץ. אין שינוי התנהגות — רק אחידות סגנון.

מה זה יפתור:
קובץ אחיד, קל יותר לקרוא, ופחות עוגנים של drift לעתיד.

בדיקה:
הטסטים הקיימים בתיקיית הטסטים של edit-video חייבים להישאר ירוקים. אין צורך להוסיף טסט חדש.

לפני פתיחת PR להריץ:
pnpm lint
turbo run type-check
pnpm test
pnpm knip"
לתקן typo במחלקת Tailwind שגורם לכיתוב לא להיצבע נכון,Task,onboarding-friendly,"קובץ: apps/frontend/src/features/editor/scene/empty.tsx

הבעיה:
באלמנט שמופיע בריבוע ""לחץ להעלאה"" באדיטור הריק, נכתבה המחלקה text-forground (עם חסר באות אחת — צריך להיות text-foreground). זו לא utility class חוקית של Tailwind, ולכן Tailwind מתעלם ממנה. בנוסף יש שם רווח כפול לפני p-2.

למה זה חשוב:
זה באג ויזואלי אמיתי שאף אחד לא שם לב אליו, כי האלמנט יורש צבע סביר מההורה במקום לקבל את הצבע המיועד שלו. רווח כפול במחרוזת מחלקות הוא ניקיון קוד פשוט.

מה לעשות:
לתקן את שם המחלקה ל-utility class הנכונה של Tailwind שמטפלת בצבע הטקסט בערכת ה-foreground של העיצוב. באותה הזדמנות לנקות את הרווח הכפול.

מה זה יפתור:
הכיתוב יקבל את הצבע שתוכנן לו, וקובץ ה-className יישאר נקי.

בדיקה:
ידנית. הטסטים האוטומטיים לא תופסים typo של Tailwind. להריץ את ה-frontend ב-pnpm dev, להיכנס לאדיטור עם פרויקט ריק, ולוודא ויזואלית שהאייקון מקבל את הצבע של ערכת ה-foreground (אפשר להשוות לאלמנט אחר באותו צבע במסך).

לפני פתיחת PR להריץ:
pnpm lint
turbo run type-check
pnpm test
pnpm knip"
להגביל אורך של mediaId בהודעה EDITOR_ADD_MEDIA,Task,onboarding-friendly,"קובץ: packages/contract/src/iframe/from-parent/schemas.ts

הבעיה:
ההורה (האפליקציה שמטמיעה את האדיטור בתוך iframe) שולח לנו mediaId כחלק מההודעה EDITOR_ADD_MEDIA. הסכמה הנוכחית דורשת רק מחרוזת לא ריקה, בלי שום גג עליון על האורך.

למה זה חשוב:
הערך הזה מגיע ממקור שאנחנו לא שולטים בו, והוא מתפזר אצלנו בכל מקום: בכתובות שאנחנו בונים סביבו, בלוגים, ובמפתחות של מטמון. מזהה ארוך באופן מוגזם — בין אם זה ניסיון לרעה, בין אם זה באג בצד ההורה — יכול לנפח לוגים, להשפיע על שימוש בזיכרון ולפתוח שטח לתקיפה.

מה לעשות:
להוסיף לסכמה של mediaId הגבלת אורך עליונה הגיונית למזהה (סדר גודל של 128 תווים — מזהה אמור להיות קצר, לא טקסט חופשי). את המספר המדויק לבחור, ולתעד בקצרה ב-PR למה הוא סביר.

מה זה יפתור:
הגנה אמיתית מפני קלט פגום או זדוני בנקודת הכניסה היחידה שדרכה ההורה מזריק זהויות מדיה.

בדיקה:
להוסיף טסט חדש בקובץ הטסטים של הסכמות מההורה: מזהה באורך הגבול עובר, מזהה באורך גבול+1 נכשל. למשל — אם בחרת 128: 128 תווים עובר, 129 תווים נכשל.

לפני פתיחת PR להריץ:
pnpm lint
turbo run type-check
pnpm test
pnpm knip"
להגביל אורך של השדה name בסכמות recording-range ו-audio-range,Task,onboarding-friendly,"קובץ: packages/contract/src/iframe/from-parent/schemas.ts

הבעיה:
השדה name מופיע בשתי סכמות שונות בקובץ הזה (recording-range ו-audio-range), בשתיהן כמחרוזת אופציונלית בלי גג עליון על האורך.

למה זה חשוב:
הערך הזה מגיע ישירות לטיימליין שלנו ולשמות שמופיעים בכותרת של פריט. אם ההורה שולח טקסט באורך מגוחך (נגיד מגה-בייט), זה מנפח את הזיכרון של הסטור, ממלא את הלוגים ויכול להאט את ה-UI.

מה לעשות:
להוסיף הגבלת אורך עליונה ל-name בשתי הסכמות, במספר שמתאים לכותרת אנושית (סדר גודל של 200 תווים). חשוב שזה ייעשה בשני המקומות, לא רק באחד.

מה זה יפתור:
מגן את ה-UI ואת הסטור מתשומות מגוחכות, גם כשהן מגיעות מצד שאיננו שולטים בו.

בדיקה:
בקובץ הטסטים של הסכמות מההורה להוסיף בדיקות שמוכיחות: name באורך הגבול עובר, name באורך גבול+1 נכשל. לעשות את זה לשתי הסכמות (recording-range ו-audio-range) — לא להסתפק בבדיקה של אחת בלבד.

לפני פתיחת PR להריץ:
pnpm lint
turbo run type-check
pnpm test
pnpm knip"
להגביל אורך של mediaName באירוע export.started,Task,onboarding-friendly,"קובץ: packages/contract/src/events/export.ts

הבעיה:
השדה mediaName באירוע export.started הוא חלק מהחוזה הציבורי של מערכת האירועים שלנו — צוותים אחרים בארגון נרשמים ל-exchange ומקבלים את ההודעות האלה. הסכמה דורשת רק מחרוזת לא ריקה, בלי גג עליון.

למה זה חשוב:
מה שאנחנו לא מגבילים בסכמה — הצרכנים שלנו יקבלו, ואנחנו אחראים על האיכות של הזרם הזה. מחרוזת ענקית שיוצאת לחוזה הציבורי משפיעה על כל מי שעוקב אחרי האירוע.

מה לעשות:
להוסיף הגבלת אורך עליונה ל-mediaName, במספר שמתאים לשם מדיה אנושי (סדר גודל של 200 תווים).

מה זה יפתור:
הידוק החוזה הציבורי. הצרכנים מקבלים אורך צפוי, וההגנה מצידנו על מי שתלוי בנו.

בדיקה:
להוסיף בדיקה בקובץ הטסטים של אירועי export: mediaName באורך הגבול עובר, באורך גבול+1 נכשל.

לפני פתיחת PR להריץ:
pnpm lint
turbo run type-check
pnpm test
pnpm knip"
לוודא ש-LOG_LEVEL מוגבל לרמות לוג חוקיות,Task,onboarding-friendly,"קובץ: apps/server/src/config/env.ts

הבעיה:
הסכמה של LOG_LEVEL מקבלת כל מחרוזת. אם מישהו כתב בטעות LOG_LEVEL=infoo בקובץ .env, השרת עולה כרגיל, ורק ברגע שהלוגר (Pino) מנסה לכתוב את הלוג הראשון הוא מתפוצץ עם stack trace מבלבל באמצע התעבורה.

למה זה חשוב:
שגיאת הגדרה צריכה להיתפס ב-boot, לא חצי שעה אחרי שהשרת רץ בפרודקשן. תפיסת התקלה בנקודה הנכונה חוסכת חקירה ארוכה ומבלבלת.

מה לעשות:
להדק את הסכמה כך שתקבל אך ורק את רמות הלוג החוקיות של Pino (trace, debug, info, warn, error, fatal, silent), עם ברירת מחדל info כשהמשתנה לא קיים. ערך לא חוקי חייב להפיל את הפרסר של ה-env ב-boot.

מה זה יפתור:
שגיאות הקלדה ברמת הלוג נתפסות מיד, לפני שהשרת מתחיל לקבל בקשות.

בדיקה:
להוסיף Vitest חדש בתיקיית הבדיקות של ה-bootstrap, שמנסה לפרסר env עם LOG_LEVEL לא חוקי ומצפה לכישלון. כדאי גם לוודא: ערך חוקי אחד (למשל debug) עובר, וברירת המחדל מוחזרת כשהמשתנה לא מוגדר בכלל.

לפני פתיחת PR להריץ:
pnpm lint
turbo run type-check
pnpm test
pnpm knip"
לוודא ש-OTEL_ENDPOINT הוא URL תקין כשהוא קיים,Task,onboarding-friendly,"קובץ: apps/server/src/config/env.ts

הבעיה:
ההערה בקוד עצמו אומרת ש-OTel מושבת כשה-OTEL_ENDPOINT לא קיים. אבל הסכמה הנוכחית רק דורשת מחרוזת אופציונלית — היא לא מבחינה בין ""המשתנה לא קיים"" לבין ""המשתנה קיים אבל מקולקל"" (למשל htp://localhost עם טעות כתיב).

למה זה חשוב:
תקלת כתיב כזאת או מבטלת telemetry בלי שאף אחד שם לב, או מפוצצת את ה-OTel SDK בשליחת ה-span הראשון — שני המצבים מתגלים מאוחר, אחרי שכבר רצים, ובדיוק כשצריך טריגר על תקלה.

מה לעשות:
להדק את הסכמה כך שכאשר המשתנה קיים — הוא חייב להיות URL תקין. כשהוא לא קיים — עדיין מותר (OTel מושבת). ערך לא חוקי חייב להפיל את הפרסר ב-boot.

מה זה יפתור:
מבטיח שאם הוגדר endpoint, הוא תקני; ושאם לא, ההתנהגות הצפויה (telemetry מושבת) מתועדת ונאכפת בסכמה עצמה.

בדיקה:
להוסיף Vitest בתיקיית הבדיקות של ה-bootstrap שמכסה שלושה מצבים: המשתנה לא קיים בכלל (עובר), URL תקין (עובר), מחרוזת שאינה URL כמו htp://x (נכשל).

לפני פתיחת PR להריץ:
pnpm lint
turbo run type-check
pnpm test
pnpm knip"
לוודא ש-SERVER_BASE_URL הוא URL תקין,Task,onboarding-friendly,"קובץ: apps/server/src/config/env.ts

הבעיה:
המשתנה SERVER_BASE_URL משמש כ-base לבניית URL חתום לסגמנטים של וידאו. היום הסכמה מקבלת כל מחרוזת.

למה זה חשוב:
אם הערך לא תקין, הכשל לא קופץ ב-boot אלא רק כשמשתמש פותח preview — עם הודעה מבלבלת על Invalid URL שמופיעה מעמוק בתוך זרימת הבקשה.

מה לעשות:
להדק את הסכמה כך שתדרוש URL תקין. ערך לא חוקי חייב להפיל את הפרסר ב-boot, לפני שהשרת מתחיל לקבל בקשות.

מה זה יפתור:
תקלת הגדרה של ה-base URL נתפסת מיד, ולא משאירה את המשתמש מול שגיאה לא מובנת תוך כדי שימוש.

בדיקה:
להוסיף Vitest בתיקיית הבדיקות של ה-bootstrap שמנסה ערך לא תקין ומצפה לכישלון בפרסר, וערך תקין כמו http://localhost:4001 שעובר.

לפני פתיחת PR להריץ:
pnpm lint
turbo run type-check
pnpm test
pnpm knip"
להגביל את RENDER_URL_EXPIRY_SECONDS לטווח הגיוני,Task,onboarding-friendly,"קובץ: apps/server/src/config/env.ts

הבעיה:
הסכמה הנוכחית של RENDER_URL_EXPIRY_SECONDS מקבלת כל מספר, כולל 0 וערכים אסטרונומיים, ללא טווח מינימום ומקסימום.

למה זה חשוב:
ערך 0 יוצר URL חתום שנדחה מיד ב-S3 — תוצאה: סרטונים שמסתיימים אבל לא נפתחים, בלי שגיאה ברורה. ערך ענק חוצה את מדיניות האבטחה שלנו לתוקף של קישורים חתומים.

מה לעשות:
לדרוש מספר שלם בטווח הפעלה הגיוני — לכל הפחות דקה אחת, ולכל היותר שבוע — תוך שמירה על ברירת המחדל הקיימת של יום אחד. ערך מחוץ לטווח חייב להפיל את הפרסר.

מה זה יפתור:
חוסם הגדרות שגויות שמפילות UX (קישורים שפג תוקפם מיד) או חורגות ממדיניות (תוקף ארוך מדי), בלי לפגוע בברירת המחדל הנהוגה.

בדיקה:
להוסיף Vitest שמוודא ש-0 נדחה, שערך גדול בהרבה מהמותר נדחה, ושברירת המחדל עדיין חלה כשהמשתנה לא קיים.

לפני פתיחת PR להריץ:
pnpm lint
turbo run type-check
pnpm test
pnpm knip"
לדרוש שמשתני S3 PREFIX יהיו לא ריקים,Task,onboarding-friendly,"קובץ: apps/server/src/config/env.ts

הבעיה:
ברירת המחדל של Zod עבור משתני סביבה רצה רק כשהמשתנה לא קיים בכלל. אם בקובץ .env נכתב משתנה PREFIX ריק (למשל S3_OUTPUT_PREFIX=), הערך הריק עובר הלאה בלי להחליף בברירת המחדל. שלושה משתני prefix מסוג זה קיימים בקובץ.

למה זה חשוב:
ה-worker בונה מפתחות ב-S3 לפי הנוסחה <PREFIX>/<jobId>.<format>. עם prefix ריק, הוא כותב לתיקיית השורש של ה-bucket — מה ששובר את לוגיקת ה-retry/idempotency שלו בשקט, ויוצר חפיפות ב-keys בין jobs.

מה לעשות:
לדרוש שמשתני ה-PREFIX יהיו לא ריקים כשהם קיימים, תוך שמירה על ברירות המחדל הקיימות (output / preview / uploads) כשהמשתנה לא מוגדר בכלל.

מה זה יפתור:
תקלת הגדרה לא מוסתרת מאחורי ה-default — נתפסת ב-boot עם הודעה ברורה במקום ליצור התנגשויות שקטות ב-S3.

בדיקה:
להוסיף Vitest שמוודא: ערך ריק (מחרוזת אפס תווים) נדחה, וברירת המחדל מוחזרת כשהמשתנה לא קיים בכלל.

לפני פתיחת PR להריץ:
pnpm lint
turbo run type-check
pnpm test
pnpm knip"
להוסיף ערכים אמיתיים להודעת השגיאה של endTimeMs/startTimeMs,Task,onboarding-friendly,"קובץ: apps/server/src/features/preview/adapters/inbound/http/preview.controller.ts

הבעיה:
כשבקשת preview נכשלת באימות כי endTimeMs לא גדול מ-startTimeMs, ההורה מקבל הודעת שגיאה כללית בלי הערכים עצמם. הוא לא יכול לדעת אם הוא שלח ערכים שווים, מוחלפים, או טעות של 1ms.

למה זה חשוב:
כל באג כזה אצל ההורה אוכל חצי שעת חיפוש בכל פעם. הודעת שגיאה היא חוויית מפתח, וההורה תלוי בנו בשביל להבין מה הוא שלח.

מה לעשות:
להוסיף את שני הערכים שהתקבלו (endTimeMs ו-startTimeMs) להודעת השגיאה עצמה, כך שעצם ההודעה תראה את הבעיה.

מה זה יפתור:
ההורה מקבל מספיק מידע מההודעה כדי לזהות את התקלה בלי לעבור על הלוגים שלו, וזמן ה-debug יורד דרמטית.

בדיקה:
לעדכן את הטסט הקיים של ה-controller שיתאים להודעה החדשה, ולהוסיף מקרה שבו endTimeMs שווה ל-startTimeMs כדי לוודא ששני הערכים מופיעים בהודעה.

לפני פתיחת PR להריץ:
pnpm lint
turbo run type-check
pnpm test
pnpm knip"
להדק את occurredAt לפורמט ISO-8601 תקין,Task,onboarding-friendly,"המשימה הזו דורשת תיאום עם החונך לפני שמתחילים.

קובץ: packages/contract/src/events/envelope.ts

הבעיה:
ה-README של חבילת events מצהיר ש-occurredAt הוא ISO-8601 UTC, אבל הסכמה בפועל דורשת רק מחרוזת לא ריקה — כל מחרוזת עוברת.

למה זה חשוב:
החוזה הכתוב והחוזה האכוף אינם מסונכרנים. צרכנים חיצוניים יכולים לקבל מחרוזות שאינן ISO תקין, וכל מי שמסתמך על הפורמט (חישוב הפרשי זמן, תצוגות, אינדקסים) ייכשל בהפתעה.

מה לעשות:
להדק את הסכמה כך שתאכוף פורמט ISO-8601 datetime תקף עבור occurredAt. אצלנו, הצד שמפרסם את האירוע משתמש כבר ב-toISOString() הסטנדרטי, אז הצד הפנימי בטוח.

מה זה יפתור:
החוזה האכוף עומד בשורה אחת עם החוזה המוצהר. כל הצרכנים מקבלים תאריך פרסבל וצפוי.

בדיקה:
להוסיף בדיקה בקובץ הטסטים של אירועי export: מחרוזת שאינה ISO נדחית; פלט של toISOString() סטנדרטי עובר.

לפני פתיחת PR להריץ:
pnpm lint
turbo run type-check
pnpm test
pnpm knip"
לאמת traceparent לפי הפורמט של W3C trace context,Task,onboarding-friendly,"המשימה הזו דורשת תיאום עם החונך לפני שמתחילים.

קובץ: packages/contract/src/events/envelope.ts

הבעיה:
השדה traceparent בסכמת ה-envelope הוא היום מחרוזת אופציונלית כלשהי. אין כל אכיפה לפורמט של W3C trace context.

למה זה חשוב:
traceparent הוא הדרך ש-OpenTelemetry מקשר span אצלנו ל-span בצד הצרכן. אם הערך מעוות, הקישור נשבר בשקט, וכל ניתוח של trace בין שירותים ""תקוע"" — קושי גדול בחקירת תקלות.

מה לעשות:
לאכוף את צורת ה-W3C traceparent כשהשדה קיים: ארבעה חלקים מופרדים במקפים — version, trace-id, parent-id, flags — באורכים קבועים של תווים הקסדצימליים. אם השדה לא קיים, להמשיך לאפשר אותו (rollout מודרג בהמשך).

מה זה יפתור:
ערכים מעוותים נדחים מוקדם, וניתוחי trace בין שירותים לא נשברים בשקט.

בדיקה:
בקובץ הטסטים של ה-envelope לוודא: ערך תקין במבנה W3C עובר, ערך מעוות נדחה, ושערך לא קיים עדיין מותר.

לפני פתיחת PR להריץ:
pnpm lint
turbo run type-check
pnpm test
pnpm knip"
לדרוש פורמט UUID על jobId בסכמת render,Task,onboarding-friendly,"המשימה הזו דורשת תיאום עם החונך לפני שמתחילים.

קובץ: packages/contract/src/internal/edit-video/schemas.ts

הבעיה:
השדה jobId בסכמת render הוא היום מחרוזת חופשית כלשהי. אותה סכמה משמשת גם לאימות הודעות AMQP אצל ה-worker — וזה גבול אמון שונה מצד ה-HTTP שלנו.

למה זה חשוב:
ה-worker בונה מפתחות ב-S3 לפי הנוסחה <PREFIX>/<jobId>.<format>. אם jobId יכיל ../foo, נקבל path traversal בכתיבה ל-S3. ה-controller שלנו תמיד יוצר UUID, אבל הגנה בעומק חשובה כי אותה סכמה מאמתת קלט גם מקריאות AMQP שלא בהכרח עוברות דרך ה-controller.

מה לעשות:
לדרוש שהשדה jobId יהיה פורמט UUID תקף. בנוסף, לסרוק פיקסטורות קיימות (בכל הטסטים) ולעדכן כל אחת שמשתמשת ב-jobId שאינו UUID.

מה זה יפתור:
חוסם path traversal ובלאי דומה בכתיבת המפתחות ל-S3, ומידק את חוזה ה-job עם ה-worker.

בדיקה:
להוסיף טסט בקובץ הטסטים של edit-video: jobId שאינו UUID נדחה, UUID תקף עובר. בנוסף לעדכן את הפיקסטורות הקיימות בכל הריפו שמשתמשות בערכים שאינם UUID.

לפני פתיחת PR להריץ:
pnpm lint
turbo run type-check
pnpm test
pnpm knip"
לאחד את טבלת ה-MIME בין ה-frontend ל-server,Task,onboarding-friendly,"המשימה הזו דורשת תיאום עם החונך לפני שמתחילים.

קבצים: apps/frontend/src/utils/upload-service.ts ו-apps/server/src/features/upload/adapters/inbound/http/upload.controller.ts

הבעיה:
יש שתי טבלאות MIME נפרדות, ידניות וקשיחות — אחת ב-frontend ואחת ב-server — והן כבר לא מסונכרנות בכמה מקומות. דוגמאות לדרישות שמתנגשות: הצד של ה-server מקבל alias של mp3 שאינו רשום ב-IANA וה-frontend לא מכיר; ה-server מקבל סוגי אודיו של x-wav/x-flac/x-m4a שה-frontend לא יודע עליהם; ה-server מקבל גם image/jpg וה-frontend נורמליז ל-image/jpeg.

למה זה חשוב:
זה drift אמיתי שמייצר באגים: משתמש בוחר קובץ, הדפדפן ממלא Content-Type שאחד הצדדים מקבל והשני דוחה — והוא מקבל 400 מבלבל אחרי שהתחיל להעלות. אין מקור אמת אחד.

מה לעשות:
להוציא טבלה אחת קנונית (מיפוי extension ל-mime, ורשימת mimes מותרים) למודול חדש שמשותף בין הצדדים, תחת חבילת ה-contract של ה-upload. שני הצדדים מייבאים משם. הרשימה המאוחדת עשויה להיות יותר הדוקה או יותר מתירנית מאחת הטבלאות הקיימות — צריך להחליט.

מה זה יפתור:
מקור אמת אחד מבטל את כל המעמד הזה של באגים, וכל שינוי עתידי ב-MIME מתרחש במקום אחד.

בדיקה:
להוסיף Vitest בקובץ טסט חדש תחת המודול המשותף שמוודא: לכל extension ברשימה יש mime מורשה; לכל mime מורשה יש extension לפחות אחד. לעדכן את הטסטים הקיימים של ה-upload (בשני הצדדים) להשתמש במודול החדש.

לפני פתיחת PR להריץ:
pnpm lint
turbo run type-check
pnpm test
pnpm knip"
להוסיף bodyLimit ספציפי לראוט POST /upload/signed-url,Task,onboarding-friendly,"המשימה הזו דורשת תיאום עם החונך לפני שמתחילים.

קובץ: apps/server/src/features/upload/adapters/inbound/http/upload.controller.ts

הבעיה:
ברירת המחדל של Fastify למגבלת body של כל ראוט היא 1MB. ה-body של POST /upload/signed-url הוא JSON זעיר של filename, mimetype ו-size — כמה מאות בתים לכל היותר.

למה זה חשוב:
שטח תקיפה מיותר. הראוט מקבל body גדול בסדרי גודל ממה שהוא צריך.

מה לעשות:
להגדיר bodyLimit ספציפי לראוט הזה, בגודל קטן (סדר גודל של אלפי בתים). לקרוא את הסכמה של ה-upload לפני קביעת המספר, ולוודא שאין מגבלה כללית אחרת ב-bootstrap שמתערבת. שים לב שה-PUT הגדול של ההעלאה עצמה לא נוגע בראוט הזה — הוא הולך ישר ל-MinIO.

מה זה יפתור:
צמצום שטח התקיפה של נקודת הקצה הזאת, בלי לפגוע במסלול ההעלאה האמיתי.

בדיקה:
להוסיף Vitest שמשגר body מעל המגבלה החדשה ומצפה ל-413.

לפני פתיחת PR להריץ:
pnpm lint
turbo run type-check
pnpm test
pnpm knip"
להגביל את cropRegion.width/height בהתאם לשאר הסכמה,Task,onboarding-friendly,"המשימה הזו דורשת תיאום עם החונך לפני שמתחילים.

קובץ: packages/contract/src/internal/edit-video/schemas.ts

הבעיה:
באותו קובץ הסכמות של overlay מגבילות width ו-height. ל-cropRegion יש רק מינימום ואין שום גג עליון על width ו-height.

למה זה חשוב:
payload פגום עובר את האימות, זורם ל-FFmpeg, ומפיק קובץ עזר של כמה GB או buffer שלא ניתן להקצות.

מה לעשות:
להוסיף גג עליון ל-cropRegion.width ול-cropRegion.height בהתאם לגגים שכבר מוגדרים בסכמות overlay השכנות באותו קובץ. את הערך המדויק לבחור אחרי קריאה של הסכמות הסמוכות (השכנים נעים בטווח דומה), ולתעד את הבחירה ב-PR.

מה זה יפתור:
חוסם payloads מגוחכים לפני שהם מגיעים ל-FFmpeg, ושומר על אחידות עם שאר הסכמות באותו קובץ.

בדיקה:
להוסיף Vitest שמוודא: ערך מעל הגג נדחה; ערך בדיוק על הגג עובר.

לפני פתיחת PR להריץ:
pnpm lint
turbo run type-check
pnpm test
pnpm knip"
להזהיר ב-boot כשהאדיטור משובץ ב-iframe בלי VITE_EDITOR_PARENT_ORIGINS,Task,onboarding-friendly,"המשימה הזו דורשת תיאום עם החונך לפני שמתחילים.

קובץ: apps/frontend/src/features/editor/external-preview/use-editor-post-message.ts

הבעיה:
deployment שבו שכחו להגדיר את משתנה הסביבה VITE_EDITOR_PARENT_ORIGINS מוחק בשקט כל הודעה מההורה. אין שום משוב או אזהרה — מבחינת ההורה, האדיטור פשוט ""לא עונה"".

למה זה חשוב:
זאת תקלת הגדרה בלתי-נראית שאוכלת שעות חקירה כל פעם שצוות הורה מנסה להבין למה האדיטור לא מקבל את ההודעות שלו.

מה לעשות:
כאשר האדיטור מזהה שהוא משובץ ב-iframe (החלון ההורה שונה מהחלון הנוכחי) ורשימת ה-origins המורשים ריקה, להציג אזהרה בהירה ל-console.warn ב-boot שמסבירה מה חסר ומה התוצאה (הודעות מההורה ייפסלו).

מה זה יפתור:
תקלת הגדרה נראית מיד, וזמן ה-debug של צוותי הורה מצטמצם משעות לדקות.

בדיקה:
להוסיף Vitest בתיקיית הטסטים הקיימת של external-preview, שמדמה שהאדיטור משובץ עם משתנה origins ריק, ומאמת שהושמעה אזהרה ל-console.warn עם תוכן רלוונטי.

לפני פתיחת PR להריץ:
pnpm lint
turbo run type-check
pnpm test
pnpm knip"
להסיר את ה-MIME הלא-סטנדרטי audio/mp3 מרשימת ההיתר של ה-upload,Task,onboarding-friendly,"המשימה הזו דורשת תיאום עם החונך לפני שמתחילים.

קובץ: apps/server/src/features/upload/adapters/inbound/http/upload.controller.ts

הבעיה:
ברשימת ה-mimes המותרים להעלאה יושב audio/mp3 לצד הסטנדרטי audio/mpeg. ה-alias הזה לא רשום ב-IANA, ודפדפנים מודרניים שולחים audio/mpeg עבור קבצי mp3.

למה זה חשוב:
drift בחוזה — אנחנו מקבלים alias לא תקני שרק חלק מהאינטגרטורים שולחים. ניקוי הרשימה מבהיר את החוזה.

מה לעשות:
להסיר את ה-alias הלא-תקני מהרשימה, ולהשאיר את audio/mpeg כערך הקנוני. בתיאור ה-PR לציין לפחות אינטגרטור אמיתי אחד שנבדק ולוודא שהוא שולח audio/mpeg.

מה זה יפתור:
חוזה upload נקי שמיישר עם הסטנדרט; פחות שדות שצריך לתחזק ולתעד.

בדיקה:
לעדכן את טסטי ה-upload controller. בקשה עם ה-alias שהוסר אמורה לחזור עכשיו 400.

לפני פתיחת PR להריץ:
pnpm lint
turbo run type-check
pnpm test
pnpm knip"
להחליף CORS מתירני ברשימת מקורות מפורשת מ-env,Task,onboarding-friendly,"המשימה הזו דורשת תיאום עם החונך לפני שמתחילים.

קובץ: apps/server/src/bootstrap/server.ts

הבעיה:
ה-CORS היום מוגדר להחזיר כ-allowed את ה-Origin שהגיע — אפקטיבית wildcard. גם ברשת סגורה זה מסוכן אם דפדפן פנימי ""מבקר"" בכתובת מוזרה.

למה זה חשוב:
שטח אמון מיותר בשכבת ה-gateway. הגדרה זו מבטלת את הערך של מנגנון ה-CORS.

מה לעשות:
להחליף את ההגדרה המתירנית ברשימת מקורות מפורשת שמגיעה ממשתנה סביבה חדש (מופרד בפסיקים), ולוולד את המשתנה הזה ב-boot כחלק מסכמת ה-env. רק origins שמופיעים ברשימה מתקבלים.

מה זה יפתור:
ה-CORS הופך מ-wildcard לרשימה מנוהלת, וכל שינוי בה הוא שינוי הגדרה מתועד.

בדיקה:
להוסיף Vitest בתיקיית בדיקות ה-bootstrap שמוודא: בקשה ממקור שאינו ברשימה נדחית; בקשה ממקור ברשימה מתקבלת. ידנית: להעלות ל-preprod עם המשתנה מוגדר ולהריץ את ה-iframe-demo מולו.

לפני פתיחת PR להריץ:
pnpm lint
turbo run type-check
pnpm test
pnpm knip"
להחליף את הברודקסט של EDITOR_READY במקור ידוע במקום wildcard,Task,onboarding-friendly,"המשימה הזו דורשת תיאום עם החונך לפני שמתחילים.

קובץ: apps/frontend/src/features/editor/external-preview/use-editor-post-message.ts

הבעיה:
ההודעה EDITOR_READY נשלחת היום ב-postMessage עם target origin של wildcard. זו ההודעה היחידה שלנו ששוברת את משמעת המקור הקפדנית שיש בכל שאר הזרימה (ההודעות מההורה מסוננות לפי allowedOrigins).

למה זה חשוב:
ההודעה נמסרת לכל הורה שמטמיע את ה-iframe, ללא קשר למדיניות המקור. גם אם ה-payload עצמו ריק, זאת חריגה ממדיניות שמתחזקת בכל שאר המסלול.

מה לעשות:
לבחור גישת הידוק שמתאימה למודל ההטמעה — דוגמאות אפשריות: לשדר ל-origins הרשומים ברשימה המורשית; להמתין להודעה הראשונה מההורה לפני שמשגרים EDITOR_READY; להוציא origin מ-document.referrer; להשאיר wildcard ולתעד שה-payload לא רגיש. לכל אופציה יש trade-off. לבחור אחת ולתעד את הבחירה ב-PR.

מה זה יפתור:
הסרת החריגה ממדיניות המקור היחידה במסלול, או הפיכתה למודעת ומתועדת.

בדיקה:
Vitest על הגישה שנבחרה. אם נבחרה גישה שמחייבת סנכרון עם הודעה ראשונה מההורה, לתעד את הבדיקה הידנית מול ה-iframe harness.

לפני פתיחת PR להריץ:
pnpm lint
turbo run type-check
pnpm test
pnpm knip"
להוסיף retry מוגבל בקריאות ה-HTTP של ה-preview ל-Core,Task,onboarding-friendly,"המשימה הזו דורשת תיאום עם החונך לפני שמתחילים.

קובץ: apps/server/src/features/preview/adapters/outbound/http/HttpPreviewSourceAdapter.ts

הבעיה:
כל קריאת fetch ל-Core נכשלת מיידית על 5xx זמני (502/503/504) או שגיאת חיבור. ה-AbortSignal.timeout הקיים מטפל רק ב-timeouts, לא ב-retries.

למה זה חשוב:
503 בודד מ-Core גורר כישלון מיידי של יצירת ה-preview אצל המשתמש, גם אם הניסיון הבא היה מצליח. חוויית משתמש פגומה מתקלה זמנית.

מה לעשות:
לעטוף כל קריאת fetch ב-retry מוגבל — ניסיון אחד חוזר על שגיאות זמניות (5xx ספציפיות ושגיאות חיבור) עם backoff קטן. שגיאת 404 (שמופיעה בקוד הנוכחי כ-RangeError בעיבוד התגובה) אסור ל-retry — היא נחרצת.

מה זה יפתור:
תקלות זמניות מ-Core מוסתרות מהמשתמש; 404 אמיתי עדיין נכשל מיד כפי שצריך.

בדיקה:
להוסיף Vitest בקובץ הטסטים הקיים של ה-adapter, עם mock של fetch שמחזיר 503 פעם אחת ואז 200 — ולוודא שהקריאה מסתיימת בהצלחה. בנוסף, mock של 404 שמוודא שלא בוצע retry.

לפני פתיחת PR להריץ:
pnpm lint
turbo run type-check
pnpm test
pnpm knip"
להפיץ traceparent אמיתי בכל אירוע שמתפרסם,Task,onboarding-friendly,"המשימה הזו דורשת תיאום עם החונך לפני שמתחילים.

קבצים: packages/contract/src/events/envelope.ts ו-apps/server/src/infrastructure/messaging/RabbitMQPublisher.ts

הבעיה:
הסכמה של ה-envelope מאפשרת traceparent, אבל ה-publisher היום מגדיר את הערך הזה כ-undefined באופן קשיח. בפועל שום traceparent לא מופץ באירועים יוצאים.

למה זה חשוב:
ה-spans של הצרכן לא מתחברים ל-spans שלנו, וה-trace בין שירותים נשבר בכל גבול. תחקיר תקלות בין שירותים סובל ישירות מזה.

מה לעשות:
לחבר את ה-traceparent של ה-span הפעיל ב-OpenTelemetry ל-envelope בזמן publish, כך שכל אירוע יוצא נושא ערך אמיתי. אין לעדכן בסכמה בשלב הזה את השדה כחובה — זה rollout מתואם שייעשה בנפרד, אחרי שכל המפרסמים במערכת כבר משדרים את הערך.

מה זה יפתור:
שיקום הקישור של ה-traces בין השירותים, בלי לשבור צרכנים שעדיין מחכים להמרה.

בדיקה:
להוסיף Vitest על לוגיקת ההפצה של ה-publisher עם span context מדומה — מאמת שה-envelope שפורסם נושא את ה-traceparent הצפוי.

לפני פתיחת PR להריץ:
pnpm lint
turbo run type-check
pnpm test
pnpm knip"
